{"hair_color":{"random":false,"value":[-1,-1,-1,-1,-1,-1,-1,-1,1,-1,-1,-1,-1]},"hair_style":{"random":false,"value":[-1,-1,1,-1,-1]},"eye_color":{"random":false,"value":[-1,1,-1,-1,-1,-1,-1,-1,-1,-1]},"dark_skin":{"random":false,"value":1},"blush":{"random":false,"value":-1},"smile":{"random":true,"value":-1},"open_mouth":{"random":false,"value":1},"hat":{"random":false,"value":-1},"ribbon":{"random":false,"value":-1},"glasses":{"random":true,"value":-1},"year":{"random":false,"value":1.5},"noise":{"random":true,"value":[[0.32183314733045143,0.2550226747583728],[0.8034624897504463,0.14068325278102334],[0.1691378070400984,0.0881736398983397],[0.3354233987634083,0.5731348776973051],[0.08576820165442811,0.6481285256587901],[0.19620651106726683,0.3927814901622888],[0.61171755668768,0.15469978729161848],[0.4539444219372799,0.8790282842965291],[0.7202366801564626,0.6117227999482118],[0.532424887970357,0.4508877283520323],[0.12330351988421695,0.04012625232315914],[0.8481777668771451,0.26663954143725577],[0.7139370644664105,0.48491365399579833],[0.5916560131908615,0.7138598402570486],[0.8400248246081015,0.4226268592850575],[0.36548804057083495,0.5678510223504989],[0.6997876762963959,0.786232700217605],[0.8397336809925329,0.4039960470145565],[0.4532005514777979,0.42011981871526505],[0.7917269268775244,0.9654658241396521],[0.572366342140292,0.5106851945758291],[0.761709669033207,0.6134127216857472],[0.8449071085706306,0.14208309404219843],[0.7883498919062051,0.8282475739374326],[0.9816304326912701,0.056082383320844365],[0.40456277994664536,0.8083495679999042],[0.27506446050455957,0.4363649968012824],[0.9708473465114302,0.09838361203411905],[0.23438475916563517,0.6159217024725299],[0.8735582223389073,0.5119907563157187],[0.12665623280365268,0.28560518211522745],[0.4926223863973689,0.07659150874394594],[0.03733472714147257,0.42189782395910935],[0.556153526499849,0.07109021410710148],[0.15848621202195057,0.8673440090681634],[0.19734999729041958,0.09089064402209446],[0.7493619444269484,0.4037786497736493],[0.34676653160928916,0.5927980730088662],[0.06236335679432381,0.6782872926321959],[0.6004210989455363,0.7078554039600751],[0.5481251034994614,0.6892800969423831],[0.06674256045391802,0.3078428430821569],[0.29102409879921565,0.8229095744399497],[0.3519710014519726,0.7894667697451956],[0.09609264535802797,0.23079894929505862],[0.6987196883774096,0.3705640840778819],[0.2674245426744333,0.5517125835570105],[0.4441134598926746,0.6888611674460823],[0.43858500648483156,0.24028527625542173],[0.3047665375075206,0.8389968449741714],[0.3012944263987021,0.8245759350229185],[0.8469451996059025,0.7510338777315895],[0.9952006706015657,0.1842544160804065],[0.30989678144983146,0.25130380697995713],[0.1113905997554594,0.9884134092606975],[0.15992126310510613,0.9617496895614321],[0.6612090428847237,0.5389580533534164],[0.5512325380120329,0.07087255583612317],[0.8853046286862578,0.6099076776981058],[0.21857896887615835,0.28700564926706096],[0.116319941027335,0.46609343771680156],[0.08333641279659143,0.17231622994715057],[0.5734799706968634,0.840891052778733],[0.3543659594082518,0.039852801595012144],[0.6884542558015068,0.39167390684021375],[0.5474416429051192,0.05637894852988934],[0.572005637057915,0.6923482628733217],[0.9667480979980385,0.014407428886261009],[0.27122374700121643,0.6666148810067616],[0.8865882219955334,0.2161343689158961],[0.2939636255082352,0.17555228662495836],[0.5469039583988125,0.35831546564398953],[0.8094860429436885,0.051146340366036824],[0.6517510884238995,0.46409199992225836],[0.14733981605960422,0.327975511784941],[0.22125450471164143,0.5695599292458764],[0.07011529458720189,0.9150916833869791],[0.6171975609335385,0.291630058977975],[0.45589716737808006,0.18852663709320483],[0.0594634170669901,0.7992889824774561],[0.8997594294779596,0.6779665384814548],[0.3227007506742763,0.513732729741949],[0.1276014976709643,0.877722533237348],[0.5408586610242878,0.97110707422978],[0.32853990253972265,0.8902657219163015],[0.381111602480082,0.5030505669990284],[0.0812592457996073,0.20656938893713028],[0.15655696774924355,0.6433567666802875],[0.6308293556091336,0.6496201322889634],[0.7816127311167453,0.1955599022517538],[0.4395298410718811,0.9080169996720826],[0.8388502962341324,0.05852105478341785],[0.06255361823098915,0.30952171318563226],[0.7151538022647894,0.3073792115767029],[0.4099331578857701,0.467874207314821],[0.9032791815893249,0.8434797856422567],[0.5899847335424677,0.7316654900373178],[0.9903822922187202,0.5382848750067999],[0.3909703569117948,0.5157434241193617],[0.8149670589204911,0.074614081414768],[0.6015172425053361,0.25456342651106056],[0.23520027328118465,0.38861204608325917],[0.9722213333758507,0.4817329499892331],[0.39076327147069456,0.48493664129471825],[0.39762717387777813,0.9624977035129605],[0.4531227202738479,0.4250479831068017],[0.02543522124105113,0.66416677846426],[0.8895374905493263,0.8508799748616334],[0.7356062560490071,0.044005564763581306],[0.8344054680937962,0.42538245871736624],[0.9820511648898513,0.07206207790394492],[0.424313845830939,0.3511406365016194],[0.767849915621541,0.2758812735955636],[0.35092280614431703,0.5571381532765878],[0.6497520735152154,0.7299062694319969],[0.4381373434531448,0.751778965128471],[0.4222997205846337,0.2109015933659084],[0.9162844063098532,0.2757656099070436],[0.682293893135526,0.050444590327692884],[0.25831936317690274,0.1760793197235524],[0.6793287707750237,0.9530402957494162],[0.0056804862804742395,0.5516765712325329],[0.6989956194298375,0.9756669728351213],[0.6422144097089395,0.4524663903168773],[0.8189227609408964,0.8808942157523056],[0.8701063313527959,0.08849825412253143],[0.852620252578487,0.6048878832862716],[0.6379768717141525,0.14314688610971538]]},"modelName":"Camellia"}